tabela;coluna;descricao;fonte
commercial_quality;;Este conjunto de dados expressa a lista de Agentes regulados pela ANEEL com dados do CNPJ, sigla do indicador por ano e periodicidade dos dados de valores enviados para o índice.;dm-qualidade-do-atendimento-comercial.pdf, versão 1.0 (17/8/2022)
complaints;;Relação das manifestações dos consumidores em relação à distribuidora, por município, canal de atendimento e tipologia, no 1º nível (SAC) e no 2º nível (Ouvidoria) de atendimento.;dm-manifestacoes-nos-1-e-2-niveis-da-distribuidora.pdf, versão 1.2 (30/07/2026)
continuity_indicators;;O conjunto de dados apresenta valores apurados dos indicadores coletivos de continuidade DEC (Duração Equivalente de Interrupção por Unidade Consumidora), expresso em horas e centésimos de horas, e FEC (Frequência Equivalente de Interrupção por Unidade Consumidora), expresso em número de interrupções e centésimos do número de interrupções. Também são fornecidas as parcelas desagregadas dos indicadores.;dm-indicadores-continuidade.pdf, versão 1.0 (6/6/2022)
emergency_occurrences_v1;;Registro de ocorrências emergenciais contendo informações relativas à data/hora de abertura e encerramento, ao conjunto elétrico afetado, aos tempos de preparação, deslocamento e execução do atendimento, bem como aos dados relacionados ao fato gerador e demais informações correlatas. Arquivos de 2023 a 2025.;dm-ocorrencias-emergenciais-nas-redes-de-distribuicao.pdf, versão 1.1 (28/07/2026)
emergency_occurrences_v2;;Registro de ocorrências emergenciais contendo informações relativas à data/hora de abertura e encerramento, ao conjunto elétrico afetado, aos tempos de preparação, deslocamento e execução do atendimento, bem como aos dados relacionados ao fato gerador e demais informações correlatas. Arquivo de 2026, publicado com leiaute diferente dos anos anteriores.;dm-ocorrencias-emergenciais-nas-redes-de-distribuicao.pdf, versão 1.1 (28/07/2026)
indger_commercial;;Relação, por mês, dos dados relacionados a aspectos comerciais (faturamento, danos elétricos, atendimento), informados pelas distribuidoras na base de dados INDGER2, segregados por município.;dm-indger-dados-comerciais.pdf, versão 1.0 (13/12/2023)
indger_commercial_services;;Relação, por mês, dos dados relacionados a aspectos dos serviços comerciais (quantidades, prazos, estoques, compensações), informados pelas distribuidoras na base de dados INDGER2, segregados por município.;dm-indger-dados-de-servicos-comerciais.pdf, versão 1.0 (13/12/2023)
voltage_conformity;;Informações anuais de índices de pagamento por determinado período em meses para Unidades Consumidoras a partir de agentes de distribuição.;dm-indicadores-de-conformidade-de-nivel-de-tensao.pdf, versão 1.1 (27/6/2025)
pdd_investment;;Plano de Desenvolvimento da Distribuição (PDD): investimentos das distribuidoras por CNPJ, UF, ano e tipo de obra, como publicados pela ANEEL.;"Sem dicionário da ANEEL no repositório; descrição própria"
_ingestion_log;;Tabela de controle da ingestão: uma linha por recurso baixado, com conjunto, licença, URL de origem, tamanho, data de atualização e tabela de destino.;Tabela própria deste trabalho
complaints;DatGeracaoConjuntoDados;Data do processamento de carga automática no momento da geração para publicação do conjunto de dados abertos.;dm-manifestacoes-nos-1-e-2-niveis-da-distribuidora.pdf, versão 1.2 (30/07/2026)
complaints;DatReferencia;Data de referência do envio das informações pela distribuidora à ANEEL. Os dados reportados referem-se às manifestações ocorridas no período de competência indicado pelos campos AnoCompetencia e MesCompetencia.;dm-manifestacoes-nos-1-e-2-niveis-da-distribuidora.pdf, versão 1.2 (30/07/2026)
complaints;SigAgente;Sigla da distribuidora de energia elétrica regulada pela ANEEL.;dm-manifestacoes-nos-1-e-2-niveis-da-distribuidora.pdf, versão 1.2 (30/07/2026)
complaints;NumCPFCNPJ;Número de inscrição da distribuidora no Cadastro Nacional da Pessoa Jurídica (CNPJ).;dm-manifestacoes-nos-1-e-2-niveis-da-distribuidora.pdf, versão 1.2 (30/07/2026)
complaints;CodMunicipio;Código do município, de acordo com o cadastro do IBGE, relacionado à manifestação do consumidor.;dm-manifestacoes-nos-1-e-2-niveis-da-distribuidora.pdf, versão 1.2 (30/07/2026)
complaints;NomMunicipio;Nome do município, de acordo com o cadastro do IBGE, relacionado à manifestação do consumidor.;dm-manifestacoes-nos-1-e-2-niveis-da-distribuidora.pdf, versão 1.2 (30/07/2026)
complaints;SigUF;Sigla da Unidade da Federação (UF) associada ao município da manifestação.;dm-manifestacoes-nos-1-e-2-niveis-da-distribuidora.pdf, versão 1.2 (30/07/2026)
complaints;SigRegiao;Sigla da Região Geográfica do Brasil associada ao município da manifestação.;dm-manifestacoes-nos-1-e-2-niveis-da-distribuidora.pdf, versão 1.2 (30/07/2026)
complaints;NomClassificacaoAgente;Classificação da distribuidora de energia elétrica. Pode assumir os valores Concessionária ou Permissionária.;dm-manifestacoes-nos-1-e-2-niveis-da-distribuidora.pdf, versão 1.2 (30/07/2026)
complaints;CodTipoManifestacao;Código identificador da tipologia da manifestação (com até 7 dígitos).;dm-manifestacoes-nos-1-e-2-niveis-da-distribuidora.pdf, versão 1.2 (30/07/2026)
complaints;NomCanalManifestacao;Nível de atendimento em que a manifestação foi registrada: Nível 1 (SAC) ou Nível 2 (Ouvidoria).;dm-manifestacoes-nos-1-e-2-niveis-da-distribuidora.pdf, versão 1.2 (30/07/2026)
complaints;DscManifestacao;Descrição da tipologia da manifestação do consumidor associada aos identificadores informados nos campos CodTipoReclamacao e IdeTipoRCA.;dm-manifestacoes-nos-1-e-2-niveis-da-distribuidora.pdf, versão 1.2 (30/07/2026)
complaints;QtdManifestacoesRecebidas;Quantidade de manifestações, do SAC ou da Ouvidoria, recebidas na referência apurada.;dm-manifestacoes-nos-1-e-2-niveis-da-distribuidora.pdf, versão 1.2 (30/07/2026)
complaints;QtdManifestacoesImprocedentes;Quantidade de manifestações do SAC ou da Ouvidoria solucionadas e encerradas como improcedentes na referência apurada.;dm-manifestacoes-nos-1-e-2-niveis-da-distribuidora.pdf, versão 1.2 (30/07/2026)
complaints;QtdManifestacoesProcedentes;Quantidade de manifestações do SAC ou da Ouvidoria solucionadas e encerradas como procedentes na referência apurada.;dm-manifestacoes-nos-1-e-2-niveis-da-distribuidora.pdf, versão 1.2 (30/07/2026)
complaints;NumPrazoMedioSolucao;Prazo médio, em dias, para solução das manifestações procedentes registradas nos canais de atendimento da distribuidora.;dm-manifestacoes-nos-1-e-2-niveis-da-distribuidora.pdf, versão 1.2 (30/07/2026)
complaints;DscFormaContato;Forma de contato utilizada pelo consumidor para registrar a manifestação (ex.: telefone, internet, presencial etc.).;dm-manifestacoes-nos-1-e-2-niveis-da-distribuidora.pdf, versão 1.2 (30/07/2026)
complaints;NumSacPrazoMedioSolucaoImproc;Prazo médio, em dias, para solução das manifestações improcedentes registradas no SAC (Serviço de Atendimento ao Cliente).;dm-manifestacoes-nos-1-e-2-niveis-da-distribuidora.pdf, versão 1.2 (30/07/2026)
complaints;NumOuvPrazoMedioSolucaoImproc;Prazo médio, em dias, para solução das manifestações improcedentes registradas na Ouvidoria.;dm-manifestacoes-nos-1-e-2-niveis-da-distribuidora.pdf, versão 1.2 (30/07/2026)
complaints;IdeTipoRCA;Identificador da tipologia da manifestação do consumidor utilizado na estrutura atual do sistema. Corresponde à evolução do campo CodTipoReclamacao.;dm-manifestacoes-nos-1-e-2-niveis-da-distribuidora.pdf, versão 1.2 (30/07/2026)
complaints;AnoCompetencia;Ano de competência das manifestações dos consumidores registradas no conjunto de dados.;dm-manifestacoes-nos-1-e-2-niveis-da-distribuidora.pdf, versão 1.2 (30/07/2026)
complaints;MesCompetencia;Mês de competência das manifestações dos consumidores registradas no conjunto de dados.;dm-manifestacoes-nos-1-e-2-niveis-da-distribuidora.pdf, versão 1.2 (30/07/2026)
continuity_indicators;DatGeracaoConjuntoDados;Data do processamento de carga automática no momento da geração para publicação do conjunto de dados abertos.;dm-indicadores-continuidade.pdf, versão 1.0 (6/6/2022)
continuity_indicators;SigAgente;Sigla que abrevia o nome dos Agentes regulados pela ANEEL;dm-indicadores-continuidade.pdf, versão 1.0 (6/6/2022)
continuity_indicators;NumCNPJ;CNPJ do Agente do setor elétrico conforme cadastro de agentes da ANEEL;dm-indicadores-continuidade.pdf, versão 1.0 (6/6/2022)
continuity_indicators;IdeConjUndConsumidoras;Identificador do Conjunto de Unidades Consumidoras.;dm-indicadores-continuidade.pdf, versão 1.0 (6/6/2022)
continuity_indicators;DscConjUndConsumidoras;Descrição do Conjunto de Unidades Consumidoras;dm-indicadores-continuidade.pdf, versão 1.0 (6/6/2022)
continuity_indicators;SigIndicador;Sigla do Tipo de Indicador. As siglas e descrições completas estão no arquivo dominio-indicadores.csv, versionado em data/reference/dominio_indicadores_aneel.csv.;dm-indicadores-continuidade.pdf, versão 1.0 (6/6/2022)
continuity_indicators;AnoIndice;Ano de competência do índice.;dm-indicadores-continuidade.pdf, versão 1.0 (6/6/2022)
continuity_indicators;NumPeriodoIndice;Período do índice expressado em meses.;dm-indicadores-continuidade.pdf, versão 1.0 (6/6/2022)
continuity_indicators;VlrIndiceEnviado;Valor do índice enviado.;dm-indicadores-continuidade.pdf, versão 1.0 (6/6/2022)
complaints;_source_file;Nome do arquivo de origem no volume de landing.;Linhagem própria deste trabalho, gravada na ingestão
complaints;_ingested_at;Momento da ingestão, em UTC, comum a todas as linhas da mesma execução.;Linhagem própria deste trabalho, gravada na ingestão
continuity_indicators;_source_file;Nome do arquivo de origem no volume de landing.;Linhagem própria deste trabalho, gravada na ingestão
continuity_indicators;_ingested_at;Momento da ingestão, em UTC, comum a todas as linhas da mesma execução.;Linhagem própria deste trabalho, gravada na ingestão
