"DatGeracaoConjuntoDados";"SigIndicador";"DscIndicador"
"2026-06-25";"AREA";"Área do conj., expressa em km2, correspondente a área geogr. e não a área elétr."
"2026-06-25";"AREAT";"Área do conjunto em km2"
"2026-06-25";"CM";"Encargo de uso do sistema de distribuição aplicado à unidade cons. (mensal)"
"2026-06-25";"CMA";"Encargo de uso do sistema de distribuição aplicado à unidade consumidora (anual)"
"2026-06-25";"CMM";"Consumo médio mensal, em MWh, média aritmética simples do último ano, excluin-"
"2026-06-25";"CMMT";"Consumo médio mensal em MWh"
"2026-06-25";"CMMTCO";"Energia cons comercial nos últimos 12 meses (ano móvel) MT e BT"
"2026-06-25";"CMMTIN";"Energia cons industrial nos últimos 12 meses (ano móvel)  MT e BT"
"2026-06-25";"CMMTOU";"Energia cons outras classes nos últimos 12 meses (ano móvel) MT e BT"
"2026-06-25";"CMMTRE";"Energia cons residencial nos últimos 12 meses (ano móvel) MT e BT"
"2026-06-25";"CMMTRU";"Energia cons rural nos últimos 12 meses (ano móvel) MT e BT"
"2026-06-25";"CMT";"Encargo de uso do sistema de distribuição aplicado à unidade cons. (trimestral)"
"2026-06-25";"CODCLSUC";"Código da Classe da Unidade Consumidora"
"2026-06-25";"CODCLSUCA";"Código da Classe da Unidade Consumidora"
"2026-06-25";"CODCLSUCT";"Código da Classe da Unidade Consumidora"
"2026-06-25";"CODMUNUC";"Código do Munícipio do Consumidor"
"2026-06-25";"CODMUNUCA";"Código do Munícipio do Consumidor"
"2026-06-25";"CODMUNUCT";"Código do Munícipio do Consumidor"
"2026-06-25";"COMPCONF";"Compensação de UC atendida fora dos limites previstos de DRP ou DRC"
"2026-06-25";"COMPCONT";"Compensação pela violação do DIC, FIC ou DMIC"
"2026-06-25";"COMPCONTA";"Compensação pela violação do DIC, FIC ou DMIC"
"2026-06-25";"COMPCONTT";"Compensação pela violação do DIC, FIC ou DMIC"
"2026-06-25";"CRAfedMed";"Créd. Prazo Viol. de solicitações de aferição dos medidores (art. 137)"
"2026-06-25";"CRAnProj";"Créd. Prazo Viol. de informação do resultado da análise do projeto (art. 27-B)"
"2026-06-25";"CRCmsnObra";"Créd. Prazo Viol. de Comissionamento das obras. (art. 37)"
"2026-06-25";"CREstProj";"Créd. Prazo Viol. por estudos, orçamentos e projetos por obras (art. 32)"
"2026-06-25";"CRInform";"Créd. Prazo Viol. de informação da relação dos atendimentos (art. 199)"
"2026-06-25";"CRLigA";"Créd. Prazo Viol. por ligação de unidade consumidora do grupo A (art. 31)"
"2026-06-25";"CRLigBRr";"Créditos cedidos por ligação de consumidor do grupo B em área rural (art. 31)"
"2026-06-25";"CRLigBUb";"Créd. Prazo Viol. por ligação de consumidor do grupo B em área urbana (art. 31)"
"2026-06-25";"CRNvCmsn";"Créd. Prazo Viol. de Novo comissionamento quando de reprovação. (art. 37)"
"2026-06-25";"CRObGerais";"Créd. Prazo Viol. de Conclusão de obra não abrang. nos inc. I e II do art. 34."
"2026-06-25";"CRObra";"Créd. Prazo Viol. por Início das Obras (art. 34)"
"2026-06-25";"CRObraPrim";"Créd. Prazo Viol. de Conclusão das obras de até 1 km na rede prim. (art. 34)"
"2026-06-25";"CRObraSec";"Créd. Prazo Viol. de Conclusão das obras na rede tensão secundária. (art. 34)"
"2026-06-25";"CRPgtoRsc";"Créd. Prazo Viol. de ressarc. por meio do pgto, conserto ou subst. (art. 208)"
"2026-06-25";"CRRclCobr";"Créd. Prazo Viol. de reclamação de cobrança ou devol. de diferenças (art. 133)"
"2026-06-25";"CRRclDano";"Créd. Prazo Viol. de solução ref. à danos não elétricos reclamados (art. 197)"
"2026-06-25";"CRRclVisTc";"Créd. Prazo Viol. de solução de reclamação com visita técnica (art. 197)"
"2026-06-25";"CRReanProj";"Créd. Prazo Viol. de reanálise do projeto por falta de informação (art. 27-B)"
"2026-06-25";"CRReligIdv";"Créd. Prazo Viol. de religação por suspensão indevida do fornec. (art. 176)"
"2026-06-25";"CRRelNorRr";"Créd. Prazo Viol. de religação em área rural (art. 176)"
"2026-06-25";"CRRelNorUb";"Créd. Prazo Viol. de religação em área urbana (art. 176)"
"2026-06-25";"CRRelUrgRr";"Créd. Prazo Viol. de religação de emergência em área rural (art. 176)"
"2026-06-25";"CRRelUrgUb";"Créd. Prazo Viol. de religação de emergência em área urbana (art. 176)"
"2026-06-25";"CRResulRsc";"Créd. Prazo Viol. de resultado da solicitação de ressarcimento (art. 207)"
"2026-06-25";"CRSubstMed";"Créditos cedidos por substituição do medidor com defeito (art. 115)"
"2026-06-25";"CRVistRr";"Créd. Prazo Viol. por vistoria de unidade consumidora de área rural (art. 30)"
"2026-06-25";"CRVistUb";"Créd. Prazo Viol. por vistoria de unidade consumidora de área urbana (art. 30)"
"2026-06-25";"CRVrfResfr";"Créd. Prazo Viol. de verif. de equip. de resfriamento por ressarc. (art. 206)"
"2026-06-25";"CRVrfRsc";"Créd. Prazo Viol. de verif. de equip. por ressarc. de dano elétrico (art. 206)"
"2026-06-25";"DEC";"Duração Equivalente de Interrupção por Unidade Consumidora - 3 Min."
"2026-06-25";"Dec1";"Duração Equivalente de Interrupção por Unidade Consumidora - 1 Min."
"2026-06-25";"DEC1i";"Duração Equivalente de Interrupção por Unid. Cons. Decor.Rede Própria - 1 Min"
"2026-06-25";"Dec1r";"Duração Equivalente de Interrupção por Unidade Consumidora (Racion.)- 1 Min."
"2026-06-25";"DEC1x";"Duração Equivalente de Interrupção por Unid. Cons. Fat. Externos - 1 Min."
"2026-06-25";"DECi";"Duração Equivalente de Interrupção por Unid. Cons. Decor. Rede Própia - 3 Min."
"2026-06-25";"DECINC";"DEC de interrup. origem interna ao Sist. de Dist. não progr. e ocor. Dia Crítico"
"2026-06-25";"DECIND";"DEC interrup origem interna, não programada e não expurgavel"
"2026-06-25";"DECINE";"DEC interrup. origem interna, não progr. e ocor. Sit. Emerg, n ocor critico."
"2026-06-25";"DECINO";"DEC interrup. origem interna não progr. Racionamento e ONS, n ocor dia critico."
"2026-06-25";"DECIP";"DEC de interrupção de origem interna ao Sist. de Dist. e programada"
"2026-06-25";"DECIPC";"DEC interrup. origem inter. ao sist distr, prog. e ocorr. em dia crítico"
"2026-06-25";"Decr";"Duração Equivalente de Interrupção por Unidade Consumidora (Racion.)- 3 Min."
"2026-06-25";"DECx";"Duração Equivalente de Interrupção por Unid. Cons. Decor. Fat. Externos - 3 Min."
"2026-06-25";"DECXN";"DEC de interrupção de origem externa ao Sist. de Dist. e não programada"
"2026-06-25";"DECXNC";"DEC interrup. origem ext. ao sist distr, não prog. e ocorr. em dia crítico"
"2026-06-25";"DECXP";"DEC de interrupção de origem externa ao Sist. de Dist. e programada"
"2026-06-25";"DECXPC";"DEC interrup. origem ext. ao sist distr, prog. e ocorr. em dia crítico"
"2026-06-25";"DIADEBPDO";"Dias Debitados - Próprio Doença"
"2026-06-25";"DIADEBPTJ";"Dias Debitados - Próprio Trajeto"
"2026-06-25";"DIADEBPTP";"Dias Debitados - Próprio Típico"
"2026-06-25";"DIADEBTTP";"Dias Debitados - Terceirizado Típico"
"2026-06-25";"DIAPRDPDO";"Dias Perdidos - Próprio Doença"
"2026-06-25";"DIAPRDPTJ";"Dias Perdidos - Próprio Trajeto"
"2026-06-25";"DIAPRDPTP";"Dias Perdidos - Próprio Típico"
"2026-06-25";"DIAPRDTTP";"Dias Perdidos - Terceirizado Típico"
"2026-06-25";"DICVLD";"Valor apurado do indicador DIC"
"2026-06-25";"DICVLDA";"Valor apurado do indicador DIC"
"2026-06-25";"DICVLDT";"Valor apurado do indicador DIC"
"2026-06-25";"DMICVLD";"Valor apurado do indicador DMIC"
"2026-06-25";"DMICVLDA";"Valor apurado do indicador DMIC violado"
"2026-06-25";"DMICVLDT";"Valor apurado do indicador DMIC violado"
"2026-06-25";"DRC";"Duração Relativa da Transgressão Máxima de Tensão Crítica Mensal"
"2026-06-25";"DRCt";"Duração Relativa da Transgressão Máxima de Tensão Crítica"
"2026-06-25";"DRCVLD";"Valor apurado do indicador DRC violado"
"2026-06-25";"DRP";"Duração Relativa da Transgressão Máxima de Tensão Precária Mensal"
"2026-06-25";"DRPt";"Duração Relativa da Transgressão Máxima de Tensão Precária"
"2026-06-25";"DRPVLD";"Valor apurado do indicador DRP violado"
"2026-06-25";"ERP";"Extensão de rede primária com nível de tensão inferior a 69kV, em km"
"2026-06-25";"ERPT";"Extensão de Rede Primária em km"
"2026-06-25";"ERPTRU";"Ext de rede de MT que atendem a área rur, redes próp e redes particulares"
"2026-06-25";"ERPTUR";"Ext de rede de MT que atendem a área urb, redes próp e redes particulares"
"2026-06-25";"FEC";"Freqüência Equivalente de Interrupção por Unidade Consumidora - 3 Min."
"2026-06-25";"Fec1";"Freqüencia Equivalente de Interrupção por Unidade Consumidora - 1 Min."
"2026-06-25";"FEC1i";"Freqüência Equivalente de Interrupção por Unid. Cons. Decor.Rede Própria - 1 Min"
"2026-06-25";"Fec1r";"Freqüência Equivalente de Interrupção por Unidade Consumidora (Racion.)- 1 Min."
"2026-06-25";"FEC1x";"Freqüência Equivalente de Interrupção por Unid. Cons. Fat. Externos - 1 Min"
"2026-06-25";"FECi";"Freqüência Equivalente de Interrupção por Unid. Cons. Decor.Rede Própria - 3 Min"
"2026-06-25";"FECINC";"FEC de interrup. origem interna ao Sist. de Dist. não progr. e ocor. Dia Crítico"
"2026-06-25";"FECIND";"FEC interrup origem interna, não programada e não expurgavel"
"2026-06-25";"FECINE";"FEC interrup. origem interna, não progr. e ocor. Sit. Emerg, n ocor critico."
"2026-06-25";"FECINO";"FEC interrup. origem interna não progr. Racionamento e ONS, n ocor dia critico."
"2026-06-25";"FECIP";"FEC de interrupção de origem interna ao Sist. de Dist. e programada"
"2026-06-25";"FECIPC";"FEC interrup. origem inter. ao sist distr, prog. e ocorr. em dia crítico"
"2026-06-25";"Fecr";"Freqüência Equivalente de Interrupção por Unidade Consumidora (Racion.)- 3 Min."
"2026-06-25";"FECx";"Freqüência Equivalente de Interrupção por Unid. Cons. Decor.Fat.Externos - 3 Min"
"2026-06-25";"FECXN";"FEC de interrupção de origem externa ao Sist. de Dist. e não programada"
"2026-06-25";"FECXNC";"FEC interrup. origem ext. ao sist distr, não prog. e ocorr. em dia crítico"
"2026-06-25";"FECXP";"FEC de interrupção de origem externa ao Sist. de Dist. e programada"
"2026-06-25";"FECXPC";"FEC interrup. origem ext. ao sist distr, prog. e ocorr. em dia crítico"
"2026-06-25";"FICVLD";"Valor apurado do indicador FIC"
"2026-06-25";"FICVLDA";"Valor apurado do indicador FIC"
"2026-06-25";"FICVLDT";"Valor apurado do indicador FIC"
"2026-06-25";"FQACCAPDO";"Taxa de frequência de acidentados com lesão com afastamento - Próprio"
"2026-06-25";"FQACCAPTP";"Taxa de frequência de acidentados com lesão com afastamento - Próprio"
"2026-06-25";"FQACCATTP";"Taxa de frequência de acidentados com lesão com afastamento - Terceiri"
"2026-06-25";"FQACPDO";"Taxa de frequencia de acidentes do trabalho - Próprio Doença"
"2026-06-25";"FQACPTP";"Taxa de frequencia de acidentes do trabalho - Próprio Típico"
"2026-06-25";"FQACSAPDO";"Taxa de frequência de acidentados com lesão sem afastamento - Próprio"
"2026-06-25";"FQACSAPTP";"Taxa de frequência de acidentados com lesão sem afastamento - Próprio"
"2026-06-25";"FQACSATTP";"Taxa de frequência de acidentados com lesão sem afastamento - Terceiri"
"2026-06-25";"FQACTTP";"Taxa de frequencia de acidentes do trabalho - Terceirizado Típico"
"2026-06-25";"GRVACPDO";"Taxa de gravidade de acidentes do trabalho - Próprio Doença"
"2026-06-25";"GRVACPTP";"Taxa de gravidade de acidentes do trabalho - Próprio Típico"
"2026-06-25";"GRVACTTP";"Taxa de gravidade de acidentes do trabalho - Terceirizado Típico"
"2026-06-25";"HHRISACP";"Horas-Homem de exposição ao risco de acidentes - Próprio"
"2026-06-25";"HHRISACT";"Horas-Homem de exposição ao risco de acidentes - Terceirizado"
"2026-06-25";"ICC";"Índices de Unidades Consumidoras com Tensão Crítica"
"2026-06-25";"ICom1";"Perc. da rec. fat. 1° mês ant. não receb. no mês de ref. classe Comercial"
"2026-06-25";"ICom12";"Perc. da rec. fat. 12° mês ant. não receb. no mês de ref. classe Comercial"
"2026-06-25";"ICom18";"Perc. da rec. fat. 18° mês ant. não receb. no mês de ref. classe Comercial"
"2026-06-25";"ICom21";"Perc. da rec. fat. 21° mês ant. não receb. no mês de ref. classe Comercial"
"2026-06-25";"ICom24";"Perc. da rec. fat. 24° mês ant. não receb. no mês de ref. classe Comercial"
"2026-06-25";"ICom3";"Perc. da rec. fat. 3° mês ant. não receb. no mês de ref. classe Comercial"
"2026-06-25";"ICom6";"Perc. da rec. fat. 6° mês ant. não receb. no mês de ref. classe Comercial"
"2026-06-25";"IComCrt";"Quant. de unid. da classe Comercial susp. inadimplência no mês de ref."
"2026-06-25";"ICProp1";"Perc. da rec. fat. 1° mês ant. não receb. no mês de ref. classe Consumo Próp."
"2026-06-25";"ICProp12";"Perc. da rec. fat. 12° mês ant. não receb. no mês de ref. classe Consumo Próp."
"2026-06-25";"ICProp18";"Perc. da rec. fat. 18° mês ant. não receb. no mês de ref. classe Consumo Próp."
"2026-06-25";"ICProp21";"Perc. da rec. fat. 21° mês ant. não receb. no mês de ref. classe Consumo Próp."
"2026-06-25";"ICProp24";"Perc. da rec. fat. 24° mês ant. não receb. no mês de ref. classe Consumo Próp."
"2026-06-25";"ICProp3";"Perc. da rec. fat. 3° mês ant. não receb. no mês de ref. classe Consumo Próp."
"2026-06-25";"ICProp6";"Perc. da rec. fat. 6° mês ant. não receb. no mês de ref. classe Consumo Próp."
"2026-06-25";"ICPropCrt";"Quant. de unid. da classe Consumo Próp. susp. inadimplência no mês de ref."
"2026-06-25";"IInd1";"Perc. da rec. fat. 1° mês ant. não receb. no mês de ref. classe Industrial"
"2026-06-25";"IInd12";"Perc. da rec. fat. 12° mês ant. não receb. no mês de ref. classe Industrial"
"2026-06-25";"IInd18";"Perc. da rec. fat. 18° mês ant. não receb. no mês de ref. classe Industrial"
"2026-06-25";"IInd21";"Perc. da rec. fat. 21° mês ant. não receb. no mês de ref. classe Industrial"
"2026-06-25";"IInd24";"Perc. da rec. fat. 24° mês ant. não receb. no mês de ref. classe Industrial"
"2026-06-25";"IInd3";"Perc. da rec. fat. 3° mês ant. não receb. no mês de ref. classe Industrial"
"2026-06-25";"IInd6";"Perc. da rec. fat. 6° mês ant. não receb. no mês de ref. classe Industrial"
"2026-06-25";"IIndCrt";"Quant. de unid. da classe Industrial susp. inadimplência no mês de ref."
"2026-06-25";"IIPub1";"Perc. da rec. fat. 1° mês ant. não receb. no mês de ref. classe Iluminação Púb."
"2026-06-25";"IIPub12";"Perc. da rec. fat. 12° mês ant. não receb. no mês de ref. classe Iluminação Púb."
"2026-06-25";"IIPub18";"Perc. da rec. fat. 18° mês ant. não receb. no mês de ref. classe Iluminação Púb."
"2026-06-25";"IIPub21";"Perc. da rec. fat. 21° mês ant. não receb. no mês de ref. classe Iluminação Púb."
"2026-06-25";"IIPub24";"Perc. da rec. fat. 24° mês ant. não receb. no mês de ref. classe Iluminação Púb."
"2026-06-25";"IIPub3";"Perc. da rec. fat. 3° mês ant. não receb. no mês de ref. classe Iluminação Púb."
"2026-06-25";"IIPub6";"Perc. da rec. fat. 6° mês ant. não receb. no mês de ref. classe Iluminação Púb."
"2026-06-25";"IIPubCrt";"Quant. de unid. da classe Iluminação Púb. susp. inadimplência no mês de ref."
"2026-06-25";"IPPub1";"Perc. da rec. fat. 1° mês ant. não receb. no mês de ref. classe Poder Púb."
"2026-06-25";"IPPub12";"Perc. da rec. fat. 12° mês ant. não receb. no mês de ref. classe Poder Púb."
"2026-06-25";"IPPub18";"Perc. da rec. fat. 18° mês ant. não receb. no mês de ref. classe Poder Púb."
"2026-06-25";"IPPub21";"Perc. da rec. fat. 21° mês ant. não receb. no mês de ref. classe Poder Púb."
"2026-06-25";"IPPub24";"Perc. da rec. fat. 24° mês ant. não receb. no mês de ref. classe Poder Púb."
"2026-06-25";"IPPub3";"Perc. da rec. fat. 3° mês ant. não receb. no mês de ref. classe Poder Púb."
"2026-06-25";"IPPub6";"Perc. da rec. fat. 6° mês ant. não receb. no mês de ref. classe Poder Púb."
"2026-06-25";"IPPubCrt";"Quant. de unid. da classe Poder Púb. susp. inadimplência no mês de ref."
"2026-06-25";"IResBR1";"Perc. da rec. fat. 1° mês ant. não receb. no mês de ref. classe Resid. Baixa R."
"2026-06-25";"IResBR12";"Perc. da rec. fat. 12° mês ant. não receb. no mês de ref. classe Resid. Baixa R."
"2026-06-25";"IResBR18";"Perc. da rec. fat. 18° mês ant. não receb. no mês de ref. classe Resid. Baixa R."
"2026-06-25";"IResBR21";"Perc. da rec. fat. 21° mês ant. não receb. no mês de ref. classe Resid. Baixa R."
"2026-06-25";"IResBR24";"Perc. da rec. fat. 24° mês ant. não receb. no mês de ref. classe Resid. Baixa R."
"2026-06-25";"IResBR3";"Perc. da rec. fat. 3° mês ant. não receb. no mês de ref. classe Resid. Baixa R."
"2026-06-25";"IResBR6";"Perc. da rec. fat. 6° mês ant. não receb. no mês de ref. classe Resid. Baixa R."
"2026-06-25";"IResBRCrt";"Quant. de unid. da classe Resid. Baixa R. susp. inadimplência no mês de ref."
"2026-06-25";"IResTot1";"Perc. da rec. fat. 1° mês ant. não receb. no mês de ref. classe Resid. Total"
"2026-06-25";"IRestot12";"Perc. da rec. fat. 12° mês ant. não receb. no mês de ref. classe Resid. Total"
"2026-06-25";"IRestot18";"Perc. da rec. fat. 18° mês ant. não receb. no mês de ref. classe Resid. Total"
"2026-06-25";"IRestot21";"Perc. da rec. fat. 21° mês ant. não receb. no mês de ref. classe Resid. Total"
"2026-06-25";"IRestot24";"Perc. da rec. fat. 24° mês ant. não receb. no mês de ref. classe Resid. Total"
"2026-06-25";"IRestot3";"Perc. da rec. fat. 3° mês ant. não receb. no mês de ref. classe Resid. Total"
"2026-06-25";"IRestot6";"Perc. da rec. fat. 6° mês ant. não receb. no mês de ref. classe Resid. Total"
"2026-06-25";"IResTotCrt";"Quant. de unid. da classe Resid. Total susp. inadimplência no mês de ref."
"2026-06-25";"IRur1";"Perc. da rec. fat. 1° mês ant. não receb. no mês de ref. classe Rural"
"2026-06-25";"IRur12";"Perc. da rec. fat. 12° mês ant. não receb. no mês de ref. classe Rural"
"2026-06-25";"IRur18";"Perc. da rec. fat. 18° mês ant. não receb. no mês de ref. classe Rural"
"2026-06-25";"IRur21";"Perc. da rec. fat. 21° mês ant. não receb. no mês de ref. classe Rural"
"2026-06-25";"IRur24";"Perc. da rec. fat. 24° mês ant. não receb. no mês de ref. classe Rural"
"2026-06-25";"IRur3";"Perc. da rec. fat. 3° mês ant. não receb. no mês de ref. classe Rural"
"2026-06-25";"IRur6";"Perc. da rec. fat. 6° mês ant. não receb. no mês de ref. classe Rural"
"2026-06-25";"IRurCrt";"Quant. de unid. da classe Rural susp. inadimplência no mês de ref."
"2026-06-25";"ISerPub1";"Perc. da rec. fat. 1° mês ant. não receb. no mês de ref. classe Serviço Púb."
"2026-06-25";"ISerPub12";"Perc. da rec. fat. 12° mês ant. não receb. no mês de ref. classe Serviço Púb."
"2026-06-25";"ISerPub18";"Perc. da rec. fat. 18° mês ant. não receb. no mês de ref. classe Serviço Púb."
"2026-06-25";"ISerPub21";"Perc. da rec. fat. 21° mês ant. não receb. no mês de ref. classe Serviço Púb."
"2026-06-25";"ISerPub24";"Perc. da rec. fat. 24° mês ant. não receb. no mês de ref. classe Serviço Púb."
"2026-06-25";"ISerPub3";"Perc. da rec. fat. 3° mês ant. não receb. no mês de ref. classe Serviço Púb."
"2026-06-25";"ISerPub6";"Perc. da rec. fat. 6° mês ant. não receb. no mês de ref. classe Serviço Púb."
"2026-06-25";"ISerPubCrt";"Quant. de unid. da classe Serviço Púb. susp. inadimplência no mês de ref."
"2026-06-25";"ITot1";"Perc. da rec. fat. 1° mês ant. não receb. no mês de ref. todos os consumidores"
"2026-06-25";"ITot12";"Perc. da rec. fat. 12° mês ant. não receb. no mês de ref. todos os consumidores"
"2026-06-25";"ITot18";"Perc. da rec. fat. 18° mês ant. não receb. no mês de ref. todos os consumidores"
"2026-06-25";"ITot21";"Perc. da rec. fat. 21° mês ant. não receb. no mês de ref. todos os consumidores"
"2026-06-25";"ITot24";"Perc. da rec. fat. 24° mês ant. não receb. no mês de ref. todos os consumidores"
"2026-06-25";"ITot3";"Perc. da rec. fat. 3° mês ant. não receb. no mês de ref. todos os consumidores"
"2026-06-25";"ITot6";"Perc. da rec. fat. 6° mês ant. não receb. no mês de ref. todos os consumidores"
"2026-06-25";"ITotCrt";"Quant. total de unid. consumidoras susp. inadimplência no mês de referência"
"2026-06-25";"k3";"Valor do encargo de uso do sistema de distribuição"
"2026-06-25";"LOCUC";"Localização da Unidade Consumidora"
"2026-06-25";"LOCUCA";"Localização da Unidade Consumidora"
"2026-06-25";"LOCUCT";"Localização da Unidade Consumidora"
"2026-06-25";"NACCAPDO";"Número de acidentados com lesão e com afastamento - Próprio Doença"
"2026-06-25";"NACCAPTJ";"Número de acidentados com lesão e com afastamento - Próprio Trajeto"
"2026-06-25";"NACCAPTP";"Número de acidentados com lesão e com afastamento - Próprio Típico"
"2026-06-25";"NACCATDO";"Número de acidentados com lesão e com afastamento - Terceirizado Doença"
"2026-06-25";"NACCATTJ";"Número de acidentados com lesão e com afastamento - Terceirizado Trajet"
"2026-06-25";"NACCATTP";"Número de acidentados com lesão e com afastamento - Terceirizado Típico"
"2026-06-25";"NACPDO";"Número de acidentes do trabalho - Próprio Doença"
"2026-06-25";"NACPTJ";"Número de acidentes do trabalho - Próprio Trajeto"
"2026-06-25";"NACPTP";"Número de acidentes do trabalho - Próprio Típico"
"2026-06-25";"NACSAPDO";"Número de acidentados com lesão e sem afastamento - Próprio Doença"
"2026-06-25";"NACSAPTJ";"Número de acidentados com lesão e sem afastamento - Próprio Trajeto"
"2026-06-25";"NACSAPTP";"Número de acidentados com lesão e sem afastamento - Próprio Típico"
"2026-06-25";"NACSATDO";"Número de acidentados com lesão e sem afastamento - Terceirizado Doença"
"2026-06-25";"NACSATTJ";"Número de acidentados com lesão e sem afastamento - Terceirizado Trajet"
"2026-06-25";"NACSATTP";"Número de acidentados com lesão e sem afastamento - Terceirizado Típico"
"2026-06-25";"NACTDO";"Número de acidentes do trabalho - Terceirizado Doença"
"2026-06-25";"NACTER";"Número de acidentes com terceiros envolvendo a rede elétrica e demais instalaçõe"
"2026-06-25";"NACTERANT";"Nº acid terc rede e demais instal - Antena de TV;"
"2026-06-25";"NACTERCFE";"Nº acid terc rede e demais instal - Cabo energizado no solo ou falha de equip"
"2026-06-25";"NACTERCHO";"Nº acid terc rede e demais instal - Choque elétrico por contato;"
"2026-06-25";"NACTERCLN";"Nº acid terc rede e demais instal - Ligações clandestinas;"
"2026-06-25";"NACTERCMP";"Nº acid terc rede e demais instal - Construção e manutenção predial;"
"2026-06-25";"NACTERFUR";"Nº acid terc rede e demais instal - Furto de cabos e/ou outros equipamentos;"
"2026-06-25";"NACTERGUI";"Nº acid terc rede e demais instal - Operação de guindaste"
"2026-06-25";"NACTEROUT";"Nº acid terc rede e demais instal - Outros."
"2026-06-25";"NACTERPIP";"Nº acid terc rede e demais instal - Pipa;"
"2026-06-25";"NACTERPOD";"Nº acid terc rede e demais instal - Poda de árvore;"
"2026-06-25";"NACTERPST";"Nº acid terc rede e demais instal - Abalroamento de poste e/ou demais instal."
"2026-06-25";"NACTERTVC";"Nº acid terc rede e demais instal - Serviços de TV a cabo e telefonia;"
"2026-06-25";"NACTTJ";"Número de acidentes do trabalho - Terceirizado Trajeto"
"2026-06-25";"NACTTP";"Número de acidentes do trabalho - Terceirizado Típico"
"2026-06-25";"NDIACRI";"Número de dias críticos verificados no ano"
"2026-06-25";"NEMPRP";"Números de Empregados - Próprio"
"2026-06-25";"NEMPRT";"Números de Empregados - Terceirizado"
"2026-06-25";"Nie";"Número de Ocorreências Emergenciais com Interrupções"
"2026-06-25";"NMOFUPR";"Número de mortes de decorrentes de acidentes do trabalho (funcionários próprios)"
"2026-06-25";"NMOFUTE";"Número de mortes decorrentes de acidentes do trabalho (funcionários terceirizado"
"2026-06-25";"NMOPDO";"Número de mortes de decorrentes de acidentes do trabalho - Próprio Doença"
"2026-06-25";"NMOPTJ";"Número de mortes de decorrentes de acidentes do trabalho - Próprio Trajet"
"2026-06-25";"NMOPTP";"Número de mortes de decorrentes de acidentes do trabalho - Próprio Típico"
"2026-06-25";"NMOTDO";"Número de mortes de decorrentes de acidentes do trabalho - Terceirizado Doença"
"2026-06-25";"NMOTER";"Número de mortes decorrentes de acidentes com terceiros envolvendo a rede elétri"
"2026-06-25";"NMOTERANT";"Nº mortes terc rede e demais instal - Antena de TV;"
"2026-06-25";"NMOTERCFE";"Nº mortes terc rede e demais instal - Cabo energizado no solo ou falha de equip"
"2026-06-25";"NMOTERCHO";"Nº mortes terc rede e demais instal - Choque elétrico por contato;"
"2026-06-25";"NMOTERCLN";"Nº mortes terc rede e demais instal - Ligações clandestinas;"
"2026-06-25";"NMOTERCMP";"Nº mortes terc rede e demais instal - Construção e manutenção predial;"
"2026-06-25";"NMOTERFUR";"Nº mortes terc rede e demais instal - Furto de cabos e/ou outros equip"
"2026-06-25";"NMOTERGUI";"Nº mortes terc rede e demais instal - Operação de guindaste"
"2026-06-25";"NMOTEROUT";"Nº mortes terc rede e demais instal - Outros."
"2026-06-25";"NMOTERPIP";"Nº mortes terc rede e demais instal - Pipa;"
"2026-06-25";"NMOTERPOD";"Nº mortes terc rede e demais instal - Poda de árvore;"
"2026-06-25";"NMOTERPST";"Nº mortes terc rede e demais instal - Abalroamento de poste e/ou demais inst"
"2026-06-25";"NMOTERTVC";"Nº mortes terc rede e demais instal - Serviços de TV a cabo e telef"
"2026-06-25";"NMOTTJ";"Número de mortes de decorrentes de acidentes do trabalho - Terceirizado Trajeto"
"2026-06-25";"NMOTTP";"Número de mortes de decorrentes de acidentes do trabalho - Terceirizado Típico"
"2026-06-25";"NUCTCO";"Total de unidades consumidoras comercial MT e BT"
"2026-06-25";"NUCTIN";"Total de unidades consumidoras industrial MT e BT"
"2026-06-25";"NUCTOU";"Total de unidades consumidoras de outras classes  MT e BT"
"2026-06-25";"NUCTRE";"Total de unidades consumidoras residencial MT e BT"
"2026-06-25";"NUCTRU";"Total de unidades consumidoras rural MT e BT"
"2026-06-25";"NumCon";"Número de Consumidores do Conjunto no Período"
"2026-06-25";"NumConsAgt";"Número de Consumidores do Distribuidor no Período"
"2026-06-25";"NumOcorr";"Número de Ocorrencias Emergenciais no Conjunto no Período"
"2026-06-25";"PGUCAT";"Valor pago a UCs AT por violacao dos limites de continuidade no mes"
"2026-06-25";"PGUCATA";"Valor pago a UCs AT por violacao dos limites de cont no ano"
"2026-06-25";"PGUCATDC";"Valor pago as UCs AT por violacao dos limites de DICRI"
"2026-06-25";"PGUCATT";"Valor pago a UCs AT por violacao dos limites de cont no trimestre"
"2026-06-25";"PGUCBTNU";"Valor pago a UCs BT não urbanas por violacao dos limites de cont no mes"
"2026-06-25";"PGUCBTNUA";"Valor pago a UCs BT não urbanas por violacao dos limites de cont no ano"
"2026-06-25";"PGUCBTNUDC";"Valor pago as UCs BT não urbanas por violacao dos limites de DICRI"
"2026-06-25";"PGUCBTNUDS";"Valor pago as UCs BT não urbanas por violacao dos limites de DISE"
"2026-06-25";"PGUCBTNUT";"Valor pago a UCs BT não urbanas por violacao dos limites de cont no trimestre"
"2026-06-25";"PGUCBTU";"Valor pago a UCs BT urbanas por violacao dos limites de continuidade no mes"
"2026-06-25";"PGUCBTUA";"Valor pago a UCs BT urbanas por violacao dos limites de cont no ano"
"2026-06-25";"PGUCBTUDC";"Valor pago as UCs BT urbanas por violacao dos limites de DICRI"
"2026-06-25";"PGUCBTUDS";"Valor pago as UCs BT urbanas por violacao dos limites de DISE"
"2026-06-25";"PGUCBTUT";"Valor pago a UCs BT urbanas por violacao dos limites de cont no trimestre"
"2026-06-25";"PGUCMTNU";"Valor pago a UCs MT não urbanas por violacao dos limites de cont no mes"
"2026-06-25";"PGUCMTNUA";"Valor pago a UCs MT não urbanas por violacao dos limites de cont no ano"
"2026-06-25";"PGUCMTNUDC";"Valor pago as UCs MT não urbanas por violacao dos limites de DICRI"
"2026-06-25";"PGUCMTNUDS";"Valor pago as UCs MT não urbanas por violacao dos limites de DISE"
"2026-06-25";"PGUCMTNUT";"Valor pago a UCs MT não urbanas por violacao dos limites de cont no trimestre"
"2026-06-25";"PGUCMTU";"Valor pago a UCs MT urbanas por violacao dos limites de continuidade no mes"
"2026-06-25";"PGUCMTUA";"Valor pago a UCs MT urbanas por violacao dos limites de cont no ano"
"2026-06-25";"PGUCMTUDC";"Valor pago as UCs MT urbanas por violacao dos limites de DICRI"
"2026-06-25";"PGUCMTUDS";"Valor pago as UCs MT urbanas por violacao dos limites de DISE"
"2026-06-25";"PGUCMTUT";"Valor pago a UCs MT urbanas por violacao dos limites de cont no trimestre"
"2026-06-25";"PGUCTRP";"Valor pago a UCs por violacao dos limites de tensao em regime permanente"
"2026-06-25";"PGUCTRPA";"Valor pago a UCs por violação limites de tensão em regime perm–med.amostral"
"2026-06-25";"PGUCTRPE";"Valor pago a UCs por violação limites de tensão em regime perm–med.eventual"
"2026-06-25";"PGUCTRPP";"Valor pago a UCs por violação limites de tensão em regime perm–med.amostral"
"2026-06-25";"PGUGAT";"Valor pago a UGs AT por violacao dos limites de continuidade no mes"
"2026-06-25";"PGUGATA";"Valor pago a UGs AT por violacao dos limites de cont no ano"
"2026-06-25";"PGUGATDC";"Valor pago as UGs AT por violacao dos limites de DICRI"
"2026-06-25";"PGUGATT";"Valor pago a UGs AT por violacao dos limites de cont no trimestre"
"2026-06-25";"PGUGBTNU";"Valor pago a UGs BT não urbanas por violacao dos limites de cont no mes"
"2026-06-25";"PGUGBTNUA";"Valor pago a UGs BT não urbanas por violacao dos limites de cont no ano"
"2026-06-25";"PGUGBTNUDC";"Valor pago as UGs BT não urbanas por violacao dos limites de DICRI"
"2026-06-25";"PGUGBTNUDS";"Valor pago as UGs BT não urbanas por violacao dos limites de DISE"
"2026-06-25";"PGUGBTNUT";"Valor pago a UGs BT não urbanas por violacao dos limites de cont no trimestre"
"2026-06-25";"PGUGBTU";"Valor pago a UGs BT urbanas por violacao dos limites de continuidade no mes"
"2026-06-25";"PGUGBTUA";"Valor pago a UGs BT urbanas por violacao dos limites de cont no ano"
"2026-06-25";"PGUGBTUDC";"Valor pago as UGs BT urbanas por violacao dos limites de DICRI"
"2026-06-25";"PGUGBTUDS";"Valor pago as UGs BT urbanas por violacao dos limites de DISE"
"2026-06-25";"PGUGBTUT";"Valor pago a UGs BT urbanas por violacao dos limites de cont no trimestre"
"2026-06-25";"PGUGMTNU";"Valor pago a UGs MT não urbanas por violacao dos limites de cont no mes"
"2026-06-25";"PGUGMTNUA";"Valor pago a UGs MT não urbanas por violacao dos limites de cont no ano"
"2026-06-25";"PGUGMTNUDC";"Valor pago as UGs MT não urbanas por violacao dos limites de DICRI"
"2026-06-25";"PGUGMTNUDS";"Valor pago as UGs MT não urbanas por violacao dos limites de DISE"
"2026-06-25";"PGUGMTNUT";"Valor pago a UGs MT não urbanas por violacao dos limites de cont no trimestre"
"2026-06-25";"PGUGMTU";"Valor pago a UGs MT urbanas por violacao dos limites de continuidade no mes"
"2026-06-25";"PGUGMTUA";"Valor pago a UGs MT urbanas por violacao dos limites de cont no ano"
"2026-06-25";"PGUGMTUDC";"Valor pago as UGs MT urbanas por violacao dos limites de DICRI"
"2026-06-25";"PGUGMTUDS";"Valor pago as UGs MT urbanas por violacao dos limites de DISE"
"2026-06-25";"PGUGMTUT";"Valor pago a UGs MT urbanas por violacao dos limites de cont no trimestre"
"2026-06-25";"PMAfedMed";"Prazo Médio de solicitações de aferição dos medidores (art. 137)"
"2026-06-25";"PMAnProj";"Prazo Médio de informação do resultado da análise do projeto (art. 27-B)"
"2026-06-25";"PMCmsnObra";"Prazo médio de Comissionamento das obras. (art. 37)"
"2026-06-25";"PMEstProj";"Prazo Médio de estudos, orçamentos e projetos por obras (art. 32)"
"2026-06-25";"PMInform";"Prazo Médio de informação da relação dos atendimentos (art. 199)"
"2026-06-25";"PMLigA";"Prazo Médio de ligação de unidade consumidora do grupo A (art. 31)"
"2026-06-25";"PMLigBRr";"Prazo Médio de ligação de consumidor do grupo B em área rural (art. 31)"
"2026-06-25";"PMLigBUb";"Prazo Médio de ligação de consumidor do grupo B em área urbana (art. 31)"
"2026-06-25";"PMNvCmsn";"Prazo médio de Novo comissionamento quando de reprovação. (art. 37)"
"2026-06-25";"PMObGerais";"Prazo médio de Conclusão de obra não abrang. nos inc. I e II do art. 34."
"2026-06-25";"PMObra";"Prazo Médio de Início das Obras (art. 34)"
"2026-06-25";"PMObraPrim";"Prazo médio de Conclusão das obras de até 1 km na rede  prim. (art. 34)"
"2026-06-25";"PMObraSec";"Prazo médio de Conclusão das obras na rede tensão sec. (art. 34)"
"2026-06-25";"PMPgtoRsc";"Prazo Médio de ressarc. por meio do pgto, conserto ou subst. (art. 208)"
"2026-06-25";"PMRclCobr";"Prazo Médio de reclamação de cobrança ou devol. de diferenças (art. 133)"
"2026-06-25";"PMRclDano";"Prazo Médio de solução ref. à danos não elétricos reclamados (art. 197)"
"2026-06-25";"PMRclVisTc";"Prazo Médio de solução de reclamação com visita técnica (art. 197)"
"2026-06-25";"PMReanProj";"Prazo Médio de reanálise do projeto por falta de informação (art. 27-B)"
"2026-06-25";"PMReligIdv";"Prazo Médio de religação por suspensão indevida do fornec. (art. 176)"
"2026-06-25";"PMRelNorRr";"Prazo Médio de religação em área rural (art. 176)"
"2026-06-25";"PMRelNorUb";"Prazo Médio de religação em área urbana (art. 176)"
"2026-06-25";"PMRelUrgRr";"Prazo Médio de religação de emergência em área rural (art. 176)"
"2026-06-25";"PMRelUrgUb";"Prazo Médio de religação de emergência em área urbana (art. 176)"
"2026-06-25";"PMResulRsc";"Prazo Médio de resultado da solicitação de ressarcimento (art. 207)"
"2026-06-25";"PMSubstMed";"Prazo Médio de substituição do medidor com defeito (art. 115)"
"2026-06-25";"PMVistRr";"Prazo Médio de vistoria de unidade consumidora de área rural (art. 30)"
"2026-06-25";"PMVistUb";"Prazo médio de vistoria de unidade consumidora de área urbana (art. 30)"
"2026-06-25";"PMVrfResfr";"Prazo Médio de verif. de equip. de resfriamento por ressarc. (art. 206)"
"2026-06-25";"PMVrfRsc";"Prazo Médio de verif. de equip. por ressarc. de dano elétrico (art. 206)"
"2026-06-25";"Pnie";"Percentual do Número de Ocorreências Emergenciais com Interrupções"
"2026-06-25";"PNIT";"Potência instalada de transformadores de distribuição, em kVA, de todos os"
"2026-06-25";"PNITT";"Potencia Instalada de transformadores de distribuição em kVA"
"2026-06-25";"QSAfedMed";"Quantidade de solicitações de aferição dos medidores (art. 137)"
"2026-06-25";"QSAnProj";"Quantidade de informação do resultado da análise do projeto (art. 27-B)"
"2026-06-25";"QSCmsnObra";"Quantidade de Comissionamento das obras. (art. 37)"
"2026-06-25";"QSEstProj";"Quantidade de estudos, orçamentos e projetos por obras (art. 32)"
"2026-06-25";"QSInform";"Quantidade de informação da relação dos atendimentos (art. 199)"
"2026-06-25";"QSLigA";"Quantidade de ligação de unidade consumidora do grupo A (art. 31)"
"2026-06-25";"QSLigBRr";"Quantidade de ligação de consumidor do grupo B em área rural (art. 31)"
"2026-06-25";"QSLigBUb";"Quantidade de ligação de consumidor do grupo B em área urbana (art. 31)"
"2026-06-25";"QSNvCmsn";"Quantidade de Novo comissionamento quando de reprovação. (art. 37)"
"2026-06-25";"QSObGerais";"Quantidade de Conclusão de obra não abrang. nos inc. I e II do art. 34."
"2026-06-25";"QSObra";"Quantidade de Início das Obras (art. 34)"
"2026-06-25";"QSObraPrim";"Quantidade de Conclusão das obras de até 1 km na rede prim. (art. 34)"
"2026-06-25";"QSObraSec";"Quantidade de Conclusão das obras na rede tensão sec. (art. 34)"
"2026-06-25";"QSPgtoRsc";"Quantidade de ressarc. por meio do pgto, conserto ou subst. (art. 208)"
"2026-06-25";"QSRclCobr";"Quantidade de reclamação de cobrança ou devol. de diferenças (art. 133)"
"2026-06-25";"QSRclDano";"Quantidade de solução ref. à danos não elétricos reclamados (art. 197)"
"2026-06-25";"QSRclVisTc";"Quantidade de solução de reclamação com visita técnica (art. 197)"
"2026-06-25";"QSReanProj";"Quantidade de reanálise do projeto por falta de informação (art. 27-B)"
"2026-06-25";"QSReligIdv";"Quantidade de religação por suspensão indevida do fornec. (art. 176)"
"2026-06-25";"QSRelNorRr";"Quantidade de religação em área rural (art. 176)"
"2026-06-25";"QSRelNorUb";"Quantidade de religação em área urbana (art. 176)"
"2026-06-25";"QSRelUrgRr";"Quantidade de religação de emergência em área rural (art. 176)"
"2026-06-25";"QSRelUrgUb";"Quantidade de religação de emergência em área urbana (art. 176)"
"2026-06-25";"QSResulRsc";"Quantidade de resultado da solicitação de ressarcimento (art. 207)"
"2026-06-25";"QSSubstMed";"Quantidade de substituição do medidor com defeito (art. 115)"
"2026-06-25";"QSVistRr";"Quantidade de vistoria de unidade consumidora de área rural (art. 30)"
"2026-06-25";"QSVistUb";"Quantidade de vistoria de unidade consumidora de área urbana (art. 30)"
"2026-06-25";"QSVrfResfr";"Quantidade de verif. de equip. de resfriamento por ressarc. (art. 206)"
"2026-06-25";"QSVrfRsc";"Quantidade de verif. de equip. por ressarc. de dano elétrico (art. 206)"
"2026-06-25";"QTUCAT";"Qtde de UCs AT compensadas por violacao dos limites de continuidade no mes"
"2026-06-25";"QTUCATA";"Qtde de UCs AT compens por violacao dos limites de cont no ano"
"2026-06-25";"QTUCATDC";"Qtde de UCs AT comp por violacao dos limites de DICRI"
"2026-06-25";"QTUCATT";"Qtde de UCs AT compens por violacao dos limites de cont no trimestre"
"2026-06-25";"QTUCBTNU";"Qtde de UCs BT não urbanas comp por violacao dos limites de cont no mes"
"2026-06-25";"QTUCBTNUA";"Qtde de UCs BT não urbanas comp por violacao dos limites de cont no ano"
"2026-06-25";"QTUCBTNUDC";"Qtde de UCs BT não urbanas comp por violacao dos limites de DICRI"
"2026-06-25";"QTUCBTNUDS";"Qtde de UCs BT não urbanas comp por violacao dos limites de DISE"
"2026-06-25";"QTUCBTNUT";"Qtde de UCs BT não urbanas comp por violacao dos limites de cont no trimestre"
"2026-06-25";"QTUCBTU";"Qtde de UCs BT urbanas compensadas por violacao dos limites de cont no mes"
"2026-06-25";"QTUCBTUA";"Qtde de UCs BT urbanas compens por violacao dos limites de cont no ano"
"2026-06-25";"QTUCBTUDC";"Qtde de UCs BT urbanas comp por violacao dos limites de DICRI"
"2026-06-25";"QTUCBTUDS";"Qtde de UCs BT urbanas comp por violacao dos limites de DISE"
"2026-06-25";"QTUCBTUT";"Qtde de UCs BT urbanas compens por violacao dos limites de cont no trimestre"
"2026-06-25";"QTUCMTNU";"Qtde de UCs MT não urbanas comp por violacao dos limites de cont no mes"
"2026-06-25";"QTUCMTNUA";"Qtde de UCs MT não urbanas comp por violacao dos limites de cont no ano"
"2026-06-25";"QTUCMTNUDC";"Qtde de UCs MT não urbanas comp por violacao dos limites de DICRI"
"2026-06-25";"QTUCMTNUDS";"Qtde de UCs MT não urbanas comp por violacao dos limites de DISE"
"2026-06-25";"QTUCMTNUT";"Qtde de UCs MT não urbanas comp por violacao dos limites de cont no trimestre"
"2026-06-25";"QTUCMTU";"Qtde de UCs MT urbanas compensadas por violacao dos limites de cont no mes"
"2026-06-25";"QTUCMTUA";"Qtde de UCs MT urbanas compens por violacao dos limites de cont no ano"
"2026-06-25";"QTUCMTUDC";"Qtde de UCs MT urbanas comp por violacao dos limites de DICRI"
"2026-06-25";"QTUCMTUDS";"Qtde de UCs MT urbanas comp por violacao dos limites de DISE"
"2026-06-25";"QTUCMTUT";"Qtde de UCs MT urbanas compens por violacao dos limites de cont no trimestre"
"2026-06-25";"QTUCTRP";"Qtde de UCs comp por violacao dos limites de tensao em regime permanente"
"2026-06-25";"QTUCTRPA";"Qtde de UC compens.-violação limites de tensão em regime perm–med.amostral"
"2026-06-25";"QTUCTRPE";"Qtde de UC compens.-violação limites de tensão em regime perm–med.eventual"
"2026-06-25";"QTUCTRPP";"Qtde de UC compens.-violação limites de tensão em regime perm–med.perman."
"2026-06-25";"QTUGAT";"Qtde de UGs AT compensadas por violacao dos limites de continuidade no mes"
"2026-06-25";"QTUGATA";"Qtde de UGs AT compens por violacao dos limites de cont no ano"
"2026-06-25";"QTUGATDC";"Qtde de UGs AT comp por violacao dos limites de DICRI"
"2026-06-25";"QTUGATT";"Qtde de UGs AT compens por violacao dos limites de cont no trimestre"
"2026-06-25";"QTUGBTNU";"Qtde de UGs BT não urbanas comp por violacao dos limites de cont no mes"
"2026-06-25";"QTUGBTNUA";"Qtde de UGs BT não urbanas comp por violacao dos limites de cont no ano"
"2026-06-25";"QTUGBTNUDC";"Qtde de UGs BT não urbanas comp por violacao dos limites de DICRI"
"2026-06-25";"QTUGBTNUDS";"Qtde de UGs BT não urbanas comp por violacao dos limites de DISE"
"2026-06-25";"QTUGBTNUT";"Qtde de UGs BT não urbanas comp por violacao dos limites de cont no trimestre"
"2026-06-25";"QTUGBTU";"Qtde de UGs BT urbanas compensadas por violacao dos limites de cont no mes"
"2026-06-25";"QTUGBTUA";"Qtde de UGs BT urbanas compens por violacao dos limites de cont no ano"
"2026-06-25";"QTUGBTUDC";"Qtde de UGs BT urbanas comp por violacao dos limites de DICRI"
"2026-06-25";"QTUGBTUDS";"Qtde de UGs BT urbanas comp por violacao dos limites de DISE"
"2026-06-25";"QTUGBTUT";"Qtde de UGs BT urbanas compens por violacao dos limites de cont no trimestre"
"2026-06-25";"QTUGMTNU";"Qtde de UGs MT não urbanas comp por violacao dos limites de cont no mes"
"2026-06-25";"QTUGMTNUA";"Qtde de UGs MT não urbanas comp por violacao dos limites de cont no ano"
"2026-06-25";"QTUGMTNUDC";"Qtde de UGs MT não urbanas comp por violacao dos limites de DICRI"
"2026-06-25";"QTUGMTNUDS";"Valor pago as UGs BT urbanas por violacao dos limites de DISE"
"2026-06-25";"QTUGMTNUT";"Qtde de UGs MT não urbanas comp por violacao dos limites de cont no trimestre"
"2026-06-25";"QTUGMTU";"Qtde de UGs MT urbanas compensadas por violacao dos limites de cont no mes"
"2026-06-25";"QTUGMTUA";"Qtde de UGs MT urbanas compens por violacao dos limites de cont no ano"
"2026-06-25";"QTUGMTUDC";"Qtde de UGs MT urbanas comp por violacao dos limites de DICRI"
"2026-06-25";"QTUGMTUDS";"Qtde de UGs MT urbanas comp por violacao dos limites de DISE"
"2026-06-25";"QTUGMTUT";"Qtde de UGs MT urbanas compens por violacao dos limites de cont no trimestre"
"2026-06-25";"QVAfedMed";"Quant. Prazos Viol. de solicitações de aferição dos medidores (art. 137)"
"2026-06-25";"QVAnProj";"Quant. Prazos Viol. de informação do resultado da análise do projeto (art. 27-B)"
"2026-06-25";"QVCmsnObra";"Quant. Prazos Viol. de Comissionamento das obras. (art. 37)"
"2026-06-25";"QVEstProj";"Quant. Prazos Viol. de estudos, orçamentos e projetos por obras (art. 32)"
"2026-06-25";"QVInform";"Quant. Prazos Viol. de informação da relação dos atendimentos (art. 199)"
"2026-06-25";"QVLigA";"Quant. Prazos Viol. de ligação de unidade consumidora do grupo A (art. 31)"
"2026-06-25";"QVLigBRr";"Quant. Prazos Viol. de ligação de consumidor do grupo B em área rural (art. 31)"
"2026-06-25";"QVLigBUb";"Quant. Prazos Viol. de ligação de consumidor do grupo B em área urbana (art. 31)"
"2026-06-25";"QVNvCmsn";"Quant. Prazos Viol. de Novo comissionamento quando de reprovação. (art. 37)"
"2026-06-25";"QVObGerais";"Quant. Prazos Viol. de Conclusão de obra não abrang. nos inc. I e II do art. 34."
"2026-06-25";"QVObra";"Quant. Prazos Viol. de Início das Obras (art. 34)"
"2026-06-25";"QVObraPrim";"Quant. Prazos Viol. de Conclusão das obras de até 1 km na rede prim. (art. 34)"
"2026-06-25";"QVObraSec";"Quant. Prazos Viol. de Conclusão das obras na rede tensão sec. (art. 34)"
"2026-06-25";"QVPgtoRsc";"Quant. Prazos Viol. de ressarc. por meio do pgto, conserto ou subst. (art. 208)"
"2026-06-25";"QVRclCobr";"Quant. Prazos Viol. de reclamação de cobrança ou devol. de diferenças (art. 133)"
"2026-06-25";"QVRclDano";"Quant. Prazos Viol. de solução ref. à danos não elétricos reclamados (art. 197)"
"2026-06-25";"QVRclVisTc";"Quant. Prazos Viol. de solução de reclamação com visita técnica (art. 197)"
"2026-06-25";"QVReanProj";"Quant. Prazos Viol. de reanálise do projeto por falta de informação (art. 27-B)"
"2026-06-25";"QVReligIdv";"Quant. Prazos Viol. de religação por suspensão indevida do fornec. (art. 176)"
"2026-06-25";"QVRelNorRr";"Quant. Prazos Viol. de religação em área rural (art. 176)"
"2026-06-25";"QVRelNorUb";"Quant. Prazos Viol. de religação em área urbana (art. 176)"
"2026-06-25";"QVRelUrgRr";"Quant. Prazos Viol. de religação de emergência em área rural (art. 176)"
"2026-06-25";"QVRelUrgUb";"Quant. Prazos Viol. de religação de emergência em área urbana (art. 176)"
"2026-06-25";"QVResulRsc";"Quant. Prazos Viol. de resultado da solicitação de ressarcimento (art. 207)"
"2026-06-25";"QVSubstMed";"Quant. Prazos Viol. de substituição do medidor com defeito (art. 115)"
"2026-06-25";"QVVistRr";"Quant. Prazos Viol. vistoria de unidade consumidora de área rural (art. 30)"
"2026-06-25";"QVVistUb";"Quant. Prazos Viol. de vistoria de unidade consumidora de área urbana (art. 30)"
"2026-06-25";"QVVrfResfr";"Quant. Prazos Viol. de verif. de equip. de resfriamento por ressarc. (art. 206)"
"2026-06-25";"QVVrfRsc";"Quant. Prazos Viol. de verif. de equip. por ressarc. de dano elétrico (art. 206)"
"2026-06-25";"TI1";"Tensão Interna"
"2026-06-25";"TMD";"Tempo Médio de Deslocamento"
"2026-06-25";"TME";"Tempo Médio de Execução"
"2026-06-25";"TMM";"Tempo Médio de Mobilização"
"2026-06-25";"TMP";"Tempo Médio de Preparação"
"2026-06-25";"TNS";"Tensão"
"2026-06-25";"TNSA";"Tensão"
"2026-06-25";"TNST";"Tensão"
"2026-06-25";"TSC";"Tipo de sistema do conjunto, 1: Sistema Interligado; 2:Sistema Isolado"
"2026-06-25";"TSCT";"Tipo de sistema do conjunto. 1: Interligado, 2: Isolado"
"2026-06-25";"TXFQAC";"Taxa de frequencia de acidentes do trabalho"
"2026-06-25";"TXGRAC";"Taxa de gravidade de acidentes do trabalho"
"2026-06-25";"VLCLACRI";"Valor utilizado no ano para identificar se um dia pode ser classificado critico"
